<Anims>
 <anim name="idle_90s" root="asparagus_ag_anim" numframes="2000" framerate="40">
  <frame idx="0" w="166" h="209" x="-20.015339" y="-59.469299">
   <element name="asparagus_ag_sym" layername="asparagus_ag" frame="0" z_index="1" m_a="0.500000" m_b="0.000000" m_c="0.000000" m_d="0.500000" m_tx="3.969280" m_ty="-41.969299"/>
   <element name="asparagus_ag_sym" layername="shadow" frame="1" z_index="2" m_a="1.000000" m_b="0.000000" m_c="0.000000" m_d="1.000000" m_tx="-6.015340" m_ty="-1.939390"/>
  </frame>
  <frame idx="25" w="166" h="209" x="-20.015339" y="-59.469299">
   <element name="asparagus_ag_sym" layername="asparagus_ag" frame="0" z_index="1" m_a="0.500000" m_b="0.000000" m_c="0.000000" m_d="0.500000" m_tx="3.969280" m_ty="-41.969299"/>
   <element name="asparagus_ag_sym" layername="shadow" frame="1" z_index="2" m_a="1.000000" m_b="0.000000" m_c="0.000000" m_d="1.000000" m_tx="-6.015340" m_ty="-1.939390"/>
  </frame>
  <frame idx="50" w="166" h="209" x="-20.015339" y="-59.469299">
   <element name="asparagus_ag_sym" layername="asparagus_ag" frame="0" z_index="1" m_a="0.500000" m_b="0.000000" m_c="0.000000" m_d="0.500000" m_tx="3.969280" m_ty="-41.969299"/>
   <element name="asparagus_ag_sym" layername="shadow" frame="1" z_index="2" m_a="1.000000" m_b="0.000000" m_c="0.000000" m_d="1.000000" m_tx="-6.015340" m_ty="-1.939390"/>
  </frame>
  <frame idx="75" w="166" h="209" x="-20.015339" y="-59.469299">
   <element name="asparagus_ag_sym" layername="asparagus_ag" frame="0" z_index="1" m_a="0.500000" m_b="0.000000" m_c="0.000000" m_d="0.500000" m_tx="3.969280" m_ty="-41.969299"/>
   <element name="asparagus_ag_sym" layername="shadow" frame="1" z_index="2" m_a="1.000000" m_b="0.000000" m_c="0.000000" m_d="1.000000" m_tx="-6.015340" m_ty="-1.939390"/>
  </frame>
  <frame idx="100" w="166" h="209" x="-20.015339" y="-59.469299">
   <element name="asparagus_ag_sym" layername="asparagus_ag" frame="0" z_index="1" m_a="0.500000" m_b="0.000000" m_c="0.000000" m_d="0.500000" m_tx="3.969280" m_ty="-41.969299"/>
   <element name="asparagus_ag_sym" layername="shadow" frame="1" z_index="2" m_a="1.000000" m_b="0.000000" m_c="0.000000" m_d="1.000000" m_tx="-6.015340" m_ty="-1.939390"/>
  </frame>
  <frame idx="125" w="166" h="209" x="-20.015339" y="-59.469299">
   <element name="asparagus_ag_sym" layername="asparagus_ag" frame="0" z_index="1" m_a="0.500000" m_b="0.000000" m_c="0.000000" m_d="0.500000" m_tx="3.969280" m_ty="-41.969299"/>
   <element name="asparagus_ag_sym" layername="shadow" frame="1" z_index="2" m_a="1.000000" m_b="0.000000" m_c="0.000000" m_d="1.000000" m_tx="-6.015340" m_ty="-1.939390"/>
  </frame>
  <frame idx="150" w="166" h="209" x="-20.015339" y="-59.469299">
   <element name="asparagus_ag_sym" layername="asparagus_ag" frame="0" z_index="1" m_a="0.500000" m_b="0.000000" m_c="0.000000" m_d="0.500000" m_tx="3.969280" m_ty="-41.969299"/>
   <element name="asparagus_ag_sym" layername="shadow" frame="1" z_index="2" m_a="1.000000" m_b="0.000000" m_c="0.000000" m_d="1.000000" m_tx="-6.015340" m_ty="-1.939390"/>
  </frame>
  <frame idx="175" w="166" h="209" x="-20.015339" y="-59.469299">
   <element name="asparagus_ag_sym" layername="asparagus_ag" frame="0" z_index="1" m_a="0.500000" m_b="0.000000" m_c="0.000000" m_d="0.500000" m_tx="3.969280" m_ty="-41.969299"/>
   <element name="asparagus_ag_sym" layername="shadow" frame="1" z_index="2" m_a="1.000000" m_b="0.000000" m_c="0.000000" m_d="1.000000" m_tx="-6.015340" m_ty="-1.939390"/>
  </frame>
  <frame idx="200" w="166" h="209" x="-20.015339" y="-59.469299">
   <element name="asparagus_ag_sym" layername="asparagus_ag" frame="0" z_index="1" m_a="0.500000" m_b="0.000000" m_c="0.000000" m_d="0.500000" m_tx="3.969280" m_ty="-41.969299"/>
   <element name="asparagus_ag_sym" layername="shadow" frame="1" z_index="2" m_a="1.000000" m_b="0.000000" m_c="0.000000" m_d="1.000000" m_tx="-6.015340" m_ty="-1.939390"/>
  </frame>
  <frame idx="225" w="166" h="209" x="-20.015339" y="-59.469299">
   <element name="asparagus_ag_sym" layername="asparagus_ag" frame="0" z_index="1" m_a="0.500000" m_b="0.000000" m_c="0.000000" m_d="0.500000" m_tx="3.969280" m_ty="-41.969299"/>
   <element name="asparagus_ag_sym" layername="shadow" frame="1" z_index="2" m_a="1.000000" m_b="0.000000" m_c="0.000000" m_d="1.000000" m_tx="-6.015340" m_ty="-1.939390"/>
  </frame>
  <frame idx="250" w="166" h="209" x="-20.015339" y="-59.469299">
   <element name="asparagus_ag_sym" layername="asparagus_ag" frame="0" z_index="1" m_a="0.500000" m_b="0.000000" m_c="0.000000" m_d="0.500000" m_tx="3.969280" m_ty="-41.969299"/>
   <element name="asparagus_ag_sym" layername="shadow" frame="1" z_index="2" m_a="1.000000" m_b="0.000000" m_c="0.000000" m_d="1.000000" m_tx="-6.015340" m_ty="-1.939390"/>
  </frame>
  <frame idx="275" w="166" h="209" x="-20.015339" y="-59.469299">
   <element name="asparagus_ag_sym" layername="asparagus_ag" frame="0" z_index="1" m_a="0.500000" m_b="0.000000" m_c="0.000000" m_d="0.500000" m_tx="3.969280" m_ty="-41.969299"/>
   <element name="asparagus_ag_sym" layername="shadow" frame="1" z_index="2" m_a="1.000000" m_b="0.000000" m_c="0.000000" m_d="1.000000" m_tx="-6.015340" m_ty="-1.939390"/>
  </frame>
  <frame idx="300" w="166" h="209" x="-20.015339" y="-59.469299">
   <element name="asparagus_ag_sym" layername="asparagus_ag" frame="0" z_index="1" m_a="0.500000" m_b="0.000000" m_c="0.000000" m_d="0.500000" m_tx="3.969280" m_ty="-41.969299"/>
   <element name="asparagus_ag_sym" layername="shadow" frame="1" z_index="2" m_a="1.000000" m_b="0.000000" m_c="0.000000" m_d="1.000000" m_tx="-6.015340" m_ty="-1.939390"/>
  </frame>
  <frame idx="325" w="166" h="209" x="-20.015339" y="-59.469299">
   <element name="asparagus_ag_sym" layername="asparagus_ag" frame="0" z_index="1" m_a="0.500000" m_b="0.000000" m_c="0.000000" m_d="0.500000" m_tx="3.969280" m_ty="-41.969299"/>
   <element name="asparagus_ag_sym" layername="shadow" frame="1" z_index="2" m_a="1.000000" m_b="0.000000" m_c="0.000000" m_d="1.000000" m_tx="-6.015340" m_ty="-1.939390"/>
  </frame>
  <frame idx="350" w="166" h="209" x="-20.015339" y="-59.469299">
   <element name="asparagus_ag_sym" layername="asparagus_ag" frame="0" z_index="1" m_a="0.500000" m_b="0.000000" m_c="0.000000" m_d="0.500000" m_tx="3.969280" m_ty="-41.969299"/>
   <element name="asparagus_ag_sym" layername="shadow" frame="1" z_index="2" m_a="1.000000" m_b="0.000000" m_c="0.000000" m_d="1.000000" m_tx="-6.015340" m_ty="-1.939390"/>
  </frame>
  <frame idx="375" w="166" h="209" x="-20.015339" y="-59.469299">
   <element name="asparagus_ag_sym" layername="asparagus_ag" frame="0" z_index="1" m_a="0.500000" m_b="0.000000" m_c="0.000000" m_d="0.500000" m_tx="3.969280" m_ty="-41.969299"/>
   <element name="asparagus_ag_sym" layername="shadow" frame="1" z_index="2" m_a="1.000000" m_b="0.000000" m_c="0.000000" m_d="1.000000" m_tx="-6.015340" m_ty="-1.939390"/>
  </frame>
  <frame idx="400" w="166" h="209" x="-20.015339" y="-59.469299">
   <element name="asparagus_ag_sym" layername="asparagus_ag" frame="0" z_index="1" m_a="0.500000" m_b="0.000000" m_c="0.000000" m_d="0.500000" m_tx="3.969280" m_ty="-41.969299"/>
   <element name="asparagus_ag_sym" layername="shadow" frame="1" z_index="2" m_a="1.000000" m_b="0.000000" m_c="0.000000" m_d="1.000000" m_tx="-6.015340" m_ty="-1.939390"/>
  </frame>
  <frame idx="425" w="166" h="209" x="-20.015339" y="-59.469299">
   <element name="asparagus_ag_sym" layername="asparagus_ag" frame="0" z_index="1" m_a="0.500000" m_b="0.000000" m_c="0.000000" m_d="0.500000" m_tx="3.969280" m_ty="-41.969299"/>
   <element name="asparagus_ag_sym" layername="shadow" frame="1" z_index="2" m_a="1.000000" m_b="0.000000" m_c="0.000000" m_d="1.000000" m_tx="-6.015340" m_ty="-1.939390"/>
  </frame>
  <frame idx="450" w="166" h="209" x="-20.015339" y="-59.469299">
   <element name="asparagus_ag_sym" layername="asparagus_ag" frame="0" z_index="1" m_a="0.500000" m_b="0.000000" m_c="0.000000" m_d="0.500000" m_tx="3.969280" m_ty="-41.969299"/>
   <element name="asparagus_ag_sym" layername="shadow" frame="1" z_index="2" m_a="1.000000" m_b="0.000000" m_c="0.000000" m_d="1.000000" m_tx="-6.015340" m_ty="-1.939390"/>
  </frame>
  <frame idx="475" w="166" h="209" x="-20.015339" y="-59.469299">
   <element name="asparagus_ag_sym" layername="asparagus_ag" frame="0" z_index="1" m_a="0.500000" m_b="0.000000" m_c="0.000000" m_d="0.500000" m_tx="3.969280" m_ty="-41.969299"/>
   <element name="asparagus_ag_sym" layername="shadow" frame="1" z_index="2" m_a="1.000000" m_b="0.000000" m_c="0.000000" m_d="1.000000" m_tx="-6.015340" m_ty="-1.939390"/>
  </frame>
  <frame idx="500" w="166" h="209" x="-20.015339" y="-59.469299">
   <element name="asparagus_ag_sym" layername="asparagus_ag" frame="0" z_index="1" m_a="0.500000" m_b="0.000000" m_c="0.000000" m_d="0.500000" m_tx="3.969280" m_ty="-41.969299"/>
   <element name="asparagus_ag_sym" layername="shadow" frame="1" z_index="2" m_a="1.000000" m_b="0.000000" m_c="0.000000" m_d="1.000000" m_tx="-6.015340" m_ty="-1.939390"/>
  </frame>
  <frame idx="525" w="166" h="209" x="-20.015339" y="-59.469299">
   <element name="asparagus_ag_sym" layername="asparagus_ag" frame="0" z_index="1" m_a="0.500000" m_b="0.000000" m_c="0.000000" m_d="0.500000" m_tx="3.969280" m_ty="-41.969299"/>
   <element name="asparagus_ag_sym" layername="shadow" frame="1" z_index="2" m_a="1.000000" m_b="0.000000" m_c="0.000000" m_d="1.000000" m_tx="-6.015340" m_ty="-1.939390"/>
  </frame>
  <frame idx="550" w="166" h="209" x="-20.015339" y="-59.469299">
   <element name="asparagus_ag_sym" layername="asparagus_ag" frame="0" z_index="1" m_a="0.500000" m_b="0.000000" m_c="0.000000" m_d="0.500000" m_tx="3.969280" m_ty="-41.969299"/>
   <element name="asparagus_ag_sym" layername="shadow" frame="1" z_index="2" m_a="1.000000" m_b="0.000000" m_c="0.000000" m_d="1.000000" m_tx="-6.015340" m_ty="-1.939390"/>
  </frame>
  <frame idx="575" w="166" h="209" x="-20.015339" y="-59.469299">
   <element name="asparagus_ag_sym" layername="asparagus_ag" frame="0" z_index="1" m_a="0.500000" m_b="0.000000" m_c="0.000000" m_d="0.500000" m_tx="3.969280" m_ty="-41.969299"/>
   <element name="asparagus_ag_sym" layername="shadow" frame="1" z_index="2" m_a="1.000000" m_b="0.000000" m_c="0.000000" m_d="1.000000" m_tx="-6.015340" m_ty="-1.939390"/>
  </frame>
  <frame idx="600" w="166" h="209" x="-20.015339" y="-59.469299">
   <element name="asparagus_ag_sym" layername="asparagus_ag" frame="0" z_index="1" m_a="0.500000" m_b="0.000000" m_c="0.000000" m_d="0.500000" m_tx="3.969280" m_ty="-41.969299"/>
   <element name="asparagus_ag_sym" layername="shadow" frame="1" z_index="2" m_a="1.000000" m_b="0.000000" m_c="0.000000" m_d="1.000000" m_tx="-6.015340" m_ty="-1.939390"/>
  </frame>
  <frame idx="625" w="166" h="209" x="-20.015339" y="-59.469299">
   <element name="asparagus_ag_sym" layername="asparagus_ag" frame="0" z_index="1" m_a="0.500000" m_b="0.000000" m_c="0.000000" m_d="0.500000" m_tx="3.969280" m_ty="-41.969299"/>
   <element name="asparagus_ag_sym" layername="shadow" frame="1" z_index="2" m_a="1.000000" m_b="0.000000" m_c="0.000000" m_d="1.000000" m_tx="-6.015340" m_ty="-1.939390"/>
  </frame>
  <frame idx="650" w="166" h="209" x="-20.015339" y="-59.469299">
   <element name="asparagus_ag_sym" layername="asparagus_ag" frame="0" z_index="1" m_a="0.500000" m_b="0.000000" m_c="0.000000" m_d="0.500000" m_tx="3.969280" m_ty="-41.969299"/>
   <element name="asparagus_ag_sym" layername="shadow" frame="1" z_index="2" m_a="1.000000" m_b="0.000000" m_c="0.000000" m_d="1.000000" m_tx="-6.015340" m_ty="-1.939390"/>
  </frame>
  <frame idx="675" w="166" h="209" x="-20.015339" y="-59.469299">
   <element name="asparagus_ag_sym" layername="asparagus_ag" frame="0" z_index="1" m_a="0.500000" m_b="0.000000" m_c="0.000000" m_d="0.500000" m_tx="3.969280" m_ty="-41.969299"/>
   <element name="asparagus_ag_sym" layername="shadow" frame="1" z_index="2" m_a="1.000000" m_b="0.000000" m_c="0.000000" m_d="1.000000" m_tx="-6.015340" m_ty="-1.939390"/>
  </frame>
  <frame idx="700" w="166" h="209" x="-20.015339" y="-59.469299">
   <element name="asparagus_ag_sym" layername="asparagus_ag" frame="0" z_index="1" m_a="0.500000" m_b="0.000000" m_c="0.000000" m_d="0.500000" m_tx="3.969280" m_ty="-41.969299"/>
   <element name="asparagus_ag_sym" layername="shadow" frame="1" z_index="2" m_a="1.000000" m_b="0.000000" m_c="0.000000" m_d="1.000000" m_tx="-6.015340" m_ty="-1.939390"/>
  </frame>
  <frame idx="725" w="166" h="209" x="-20.015339" y="-59.469299">
   <element name="asparagus_ag_sym" layername="asparagus_ag" frame="0" z_index="1" m_a="0.500000" m_b="0.000000" m_c="0.000000" m_d="0.500000" m_tx="3.969280" m_ty="-41.969299"/>
   <element name="asparagus_ag_sym" layername="shadow" frame="1" z_index="2" m_a="1.000000" m_b="0.000000" m_c="0.000000" m_d="1.000000" m_tx="-6.015340" m_ty="-1.939390"/>
  </frame>
  <frame idx="750" w="166" h="209" x="-20.015339" y="-59.469299">
   <element name="asparagus_ag_sym" layername="asparagus_ag" frame="0" z_index="1" m_a="0.500000" m_b="0.000000" m_c="0.000000" m_d="0.500000" m_tx="3.969280" m_ty="-41.969299"/>
   <element name="asparagus_ag_sym" layername="shadow" frame="1" z_index="2" m_a="1.000000" m_b="0.000000" m_c="0.000000" m_d="1.000000" m_tx="-6.015340" m_ty="-1.939390"/>
  </frame>
  <frame idx="775" w="166" h="209" x="-20.015339" y="-59.469299">
   <element name="asparagus_ag_sym" layername="asparagus_ag" frame="0" z_index="1" m_a="0.500000" m_b="0.000000" m_c="0.000000" m_d="0.500000" m_tx="3.969280" m_ty="-41.969299"/>
   <element name="asparagus_ag_sym" layername="shadow" frame="1" z_index="2" m_a="1.000000" m_b="0.000000" m_c="0.000000" m_d="1.000000" m_tx="-6.015340" m_ty="-1.939390"/>
  </frame>
  <frame idx="800" w="166" h="209" x="-20.015339" y="-59.469299">
   <element name="asparagus_ag_sym" layername="asparagus_ag" frame="0" z_index="1" m_a="0.500000" m_b="0.000000" m_c="0.000000" m_d="0.500000" m_tx="3.969280" m_ty="-41.969299"/>
   <element name="asparagus_ag_sym" layername="shadow" frame="1" z_index="2" m_a="1.000000" m_b="0.000000" m_c="0.000000" m_d="1.000000" m_tx="-6.015340" m_ty="-1.939390"/>
  </frame>
  <frame idx="825" w="166" h="209" x="-20.015339" y="-59.469299">
   <element name="asparagus_ag_sym" layername="asparagus_ag" frame="0" z_index="1" m_a="0.500000" m_b="0.000000" m_c="0.000000" m_d="0.500000" m_tx="3.969280" m_ty="-41.969299"/>
   <element name="asparagus_ag_sym" layername="shadow" frame="1" z_index="2" m_a="1.000000" m_b="0.000000" m_c="0.000000" m_d="1.000000" m_tx="-6.015340" m_ty="-1.939390"/>
  </frame>
  <frame idx="850" w="166" h="209" x="-20.015339" y="-59.469299">
   <element name="asparagus_ag_sym" layername="asparagus_ag" frame="0" z_index="1" m_a="0.500000" m_b="0.000000" m_c="0.000000" m_d="0.500000" m_tx="3.969280" m_ty="-41.969299"/>
   <element name="asparagus_ag_sym" layername="shadow" frame="1" z_index="2" m_a="1.000000" m_b="0.000000" m_c="0.000000" m_d="1.000000" m_tx="-6.015340" m_ty="-1.939390"/>
  </frame>
  <frame idx="875" w="166" h="209" x="-20.015339" y="-59.469299">
   <element name="asparagus_ag_sym" layername="asparagus_ag" frame="0" z_index="1" m_a="0.500000" m_b="0.000000" m_c="0.000000" m_d="0.500000" m_tx="3.969280" m_ty="-41.969299"/>
   <element name="asparagus_ag_sym" layername="shadow" frame="1" z_index="2" m_a="1.000000" m_b="0.000000" m_c="0.000000" m_d="1.000000" m_tx="-6.015340" m_ty="-1.939390"/>
  </frame>
  <frame idx="900" w="166" h="209" x="-20.015339" y="-59.469299">
   <element name="asparagus_ag_sym" layername="asparagus_ag" frame="0" z_index="1" m_a="0.500000" m_b="0.000000" m_c="0.000000" m_d="0.500000" m_tx="3.969280" m_ty="-41.969299"/>
   <element name="asparagus_ag_sym" layername="shadow" frame="1" z_index="2" m_a="1.000000" m_b="0.000000" m_c="0.000000" m_d="1.000000" m_tx="-6.015340" m_ty="-1.939390"/>
  </frame>
  <frame idx="925" w="166" h="209" x="-20.015339" y="-59.469299">
   <element name="asparagus_ag_sym" layername="asparagus_ag" frame="0" z_index="1" m_a="0.500000" m_b="0.000000" m_c="0.000000" m_d="0.500000" m_tx="3.969280" m_ty="-41.969299"/>
   <element name="asparagus_ag_sym" layername="shadow" frame="1" z_index="2" m_a="1.000000" m_b="0.000000" m_c="0.000000" m_d="1.000000" m_tx="-6.015340" m_ty="-1.939390"/>
  </frame>
  <frame idx="950" w="166" h="209" x="-20.015339" y="-59.469299">
   <element name="asparagus_ag_sym" layername="asparagus_ag" frame="0" z_index="1" m_a="0.500000" m_b="0.000000" m_c="0.000000" m_d="0.500000" m_tx="3.969280" m_ty="-41.969299"/>
   <element name="asparagus_ag_sym" layername="shadow" frame="1" z_index="2" m_a="1.000000" m_b="0.000000" m_c="0.000000" m_d="1.000000" m_tx="-6.015340" m_ty="-1.939390"/>
  </frame>
  <frame idx="975" w="166" h="209" x="-20.015339" y="-59.469299">
   <element name="asparagus_ag_sym" layername="asparagus_ag" frame="0" z_index="1" m_a="0.500000" m_b="0.000000" m_c="0.000000" m_d="0.500000" m_tx="3.969280" m_ty="-41.969299"/>
   <element name="asparagus_ag_sym" layername="shadow" frame="1" z_index="2" m_a="1.000000" m_b="0.000000" m_c="0.000000" m_d="1.000000" m_tx="-6.015340" m_ty="-1.939390"/>
  </frame>
  <frame idx="1000" w="166" h="209" x="-20.015339" y="-59.469299">
   <element name="asparagus_ag_sym" layername="asparagus_ag" frame="0" z_index="1" m_a="0.500000" m_b="0.000000" m_c="0.000000" m_d="0.500000" m_tx="3.969280" m_ty="-41.969299"/>
   <element name="asparagus_ag_sym" layername="shadow" frame="1" z_index="2" m_a="1.000000" m_b="0.000000" m_c="0.000000" m_d="1.000000" m_tx="-6.015340" m_ty="-1.939390"/>
  </frame>
  <frame idx="1025" w="166" h="209" x="-20.015339" y="-59.469299">
   <element name="asparagus_ag_sym" layername="asparagus_ag" frame="0" z_index="1" m_a="0.500000" m_b="0.000000" m_c="0.000000" m_d="0.500000" m_tx="3.969280" m_ty="-41.969299"/>
   <element name="asparagus_ag_sym" layername="shadow" frame="1" z_index="2" m_a="1.000000" m_b="0.000000" m_c="0.000000" m_d="1.000000" m_tx="-6.015340" m_ty="-1.939390"/>
  </frame>
  <frame idx="1050" w="166" h="209" x="-20.015339" y="-59.469299">
   <element name="asparagus_ag_sym" layername="asparagus_ag" frame="0" z_index="1" m_a="0.500000" m_b="0.000000" m_c="0.000000" m_d="0.500000" m_tx="3.969280" m_ty="-41.969299"/>
   <element name="asparagus_ag_sym" layername="shadow" frame="1" z_index="2" m_a="1.000000" m_b="0.000000" m_c="0.000000" m_d="1.000000" m_tx="-6.015340" m_ty="-1.939390"/>
  </frame>
  <frame idx="1075" w="166" h="209" x="-20.015339" y="-59.469299">
   <element name="asparagus_ag_sym" layername="asparagus_ag" frame="0" z_index="1" m_a="0.500000" m_b="0.000000" m_c="0.000000" m_d="0.500000" m_tx="3.969280" m_ty="-41.969299"/>
   <element name="asparagus_ag_sym" layername="shadow" frame="1" z_index="2" m_a="1.000000" m_b="0.000000" m_c="0.000000" m_d="1.000000" m_tx="-6.015340" m_ty="-1.939390"/>
  </frame>
  <frame idx="1100" w="166" h="209" x="-20.015339" y="-59.469299">
   <element name="asparagus_ag_sym" layername="asparagus_ag" frame="0" z_index="1" m_a="0.500000" m_b="0.000000" m_c="0.000000" m_d="0.500000" m_tx="3.969280" m_ty="-41.969299"/>
   <element name="asparagus_ag_sym" layername="shadow" frame="1" z_index="2" m_a="1.000000" m_b="0.000000" m_c="0.000000" m_d="1.000000" m_tx="-6.015340" m_ty="-1.939390"/>
  </frame>
  <frame idx="1125" w="166" h="209" x="-20.015339" y="-59.469299">
   <element name="asparagus_ag_sym" layername="asparagus_ag" frame="0" z_index="1" m_a="0.500000" m_b="0.000000" m_c="0.000000" m_d="0.500000" m_tx="3.969280" m_ty="-41.969299"/>
   <element name="asparagus_ag_sym" layername="shadow" frame="1" z_index="2" m_a="1.000000" m_b="0.000000" m_c="0.000000" m_d="1.000000" m_tx="-6.015340" m_ty="-1.939390"/>
  </frame>
  <frame idx="1150" w="166" h="209" x="-20.015339" y="-59.469299">
   <element name="asparagus_ag_sym" layername="asparagus_ag" frame="0" z_index="1" m_a="0.500000" m_b="0.000000" m_c="0.000000" m_d="0.500000" m_tx="3.969280" m_ty="-41.969299"/>
   <element name="asparagus_ag_sym" layername="shadow" frame="1" z_index="2" m_a="1.000000" m_b="0.000000" m_c="0.000000" m_d="1.000000" m_tx="-6.015340" m_ty="-1.939390"/>
  </frame>
  <frame idx="1175" w="166" h="209" x="-20.015339" y="-59.469299">
   <element name="asparagus_ag_sym" layername="asparagus_ag" frame="0" z_index="1" m_a="0.500000" m_b="0.000000" m_c="0.000000" m_d="0.500000" m_tx="3.969280" m_ty="-41.969299"/>
   <element name="asparagus_ag_sym" layername="shadow" frame="1" z_index="2" m_a="1.000000" m_b="0.000000" m_c="0.000000" m_d="1.000000" m_tx="-6.015340" m_ty="-1.939390"/>
  </frame>
  <frame idx="1200" w="166" h="209" x="-20.015339" y="-59.469299">
   <element name="asparagus_ag_sym" layername="asparagus_ag" frame="0" z_index="1" m_a="0.500000" m_b="0.000000" m_c="0.000000" m_d="0.500000" m_tx="3.969280" m_ty="-41.969299"/>
   <element name="asparagus_ag_sym" layername="shadow" frame="1" z_index="2" m_a="1.000000" m_b="0.000000" m_c="0.000000" m_d="1.000000" m_tx="-6.015340" m_ty="-1.939390"/>
  </frame>
  <frame idx="1225" w="166" h="209" x="-20.015339" y="-59.469299">
   <element name="asparagus_ag_sym" layername="asparagus_ag" frame="0" z_index="1" m_a="0.500000" m_b="0.000000" m_c="0.000000" m_d="0.500000" m_tx="3.969280" m_ty="-41.969299"/>
   <element name="asparagus_ag_sym" layername="shadow" frame="1" z_index="2" m_a="1.000000" m_b="0.000000" m_c="0.000000" m_d="1.000000" m_tx="-6.015340" m_ty="-1.939390"/>
  </frame>
  <frame idx="1250" w="166" h="209" x="-20.015339" y="-59.469299">
   <element name="asparagus_ag_sym" layername="asparagus_ag" frame="0" z_index="1" m_a="0.500000" m_b="0.000000" m_c="0.000000" m_d="0.500000" m_tx="3.969280" m_ty="-41.969299"/>
   <element name="asparagus_ag_sym" layername="shadow" frame="1" z_index="2" m_a="1.000000" m_b="0.000000" m_c="0.000000" m_d="1.000000" m_tx="-6.015340" m_ty="-1.939390"/>
  </frame>
  <frame idx="1275" w="166" h="209" x="-20.015339" y="-59.469299">
   <element name="asparagus_ag_sym" layername="asparagus_ag" frame="0" z_index="1" m_a="0.500000" m_b="0.000000" m_c="0.000000" m_d="0.500000" m_tx="3.969280" m_ty="-41.969299"/>
   <element name="asparagus_ag_sym" layername="shadow" frame="1" z_index="2" m_a="1.000000" m_b="0.000000" m_c="0.000000" m_d="1.000000" m_tx="-6.015340" m_ty="-1.939390"/>
  </frame>
  <frame idx="1300" w="166" h="209" x="-20.015339" y="-59.469299">
   <element name="asparagus_ag_sym" layername="asparagus_ag" frame="0" z_index="1" m_a="0.500000" m_b="0.000000" m_c="0.000000" m_d="0.500000" m_tx="3.969280" m_ty="-41.969299"/>
   <element name="asparagus_ag_sym" layername="shadow" frame="1" z_index="2" m_a="1.000000" m_b="0.000000" m_c="0.000000" m_d="1.000000" m_tx="-6.015340" m_ty="-1.939390"/>
  </frame>
  <frame idx="1325" w="166" h="209" x="-20.015339" y="-59.469299">
   <element name="asparagus_ag_sym" layername="asparagus_ag" frame="0" z_index="1" m_a="0.500000" m_b="0.000000" m_c="0.000000" m_d="0.500000" m_tx="3.969280" m_ty="-41.969299"/>
   <element name="asparagus_ag_sym" layername="shadow" frame="1" z_index="2" m_a="1.000000" m_b="0.000000" m_c="0.000000" m_d="1.000000" m_tx="-6.015340" m_ty="-1.939390"/>
  </frame>
  <frame idx="1350" w="166" h="209" x="-20.015339" y="-59.469299">
   <element name="asparagus_ag_sym" layername="asparagus_ag" frame="0" z_index="1" m_a="0.500000" m_b="0.000000" m_c="0.000000" m_d="0.500000" m_tx="3.969280" m_ty="-41.969299"/>
   <element name="asparagus_ag_sym" layername="shadow" frame="1" z_index="2" m_a="1.000000" m_b="0.000000" m_c="0.000000" m_d="1.000000" m_tx="-6.015340" m_ty="-1.939390"/>
  </frame>
  <frame idx="1375" w="166" h="209" x="-20.015339" y="-59.469299">
   <element name="asparagus_ag_sym" layername="asparagus_ag" frame="0" z_index="1" m_a="0.500000" m_b="0.000000" m_c="0.000000" m_d="0.500000" m_tx="3.969280" m_ty="-41.969299"/>
   <element name="asparagus_ag_sym" layername="shadow" frame="1" z_index="2" m_a="1.000000" m_b="0.000000" m_c="0.000000" m_d="1.000000" m_tx="-6.015340" m_ty="-1.939390"/>
  </frame>
  <frame idx="1400" w="166" h="209" x="-20.015339" y="-59.469299">
   <element name="asparagus_ag_sym" layername="asparagus_ag" frame="0" z_index="1" m_a="0.500000" m_b="0.000000" m_c="0.000000" m_d="0.500000" m_tx="3.969280" m_ty="-41.969299"/>
   <element name="asparagus_ag_sym" layername="shadow" frame="1" z_index="2" m_a="1.000000" m_b="0.000000" m_c="0.000000" m_d="1.000000" m_tx="-6.015340" m_ty="-1.939390"/>
  </frame>
  <frame idx="1425" w="166" h="209" x="-20.015339" y="-59.469299">
   <element name="asparagus_ag_sym" layername="asparagus_ag" frame="0" z_index="1" m_a="0.500000" m_b="0.000000" m_c="0.000000" m_d="0.500000" m_tx="3.969280" m_ty="-41.969299"/>
   <element name="asparagus_ag_sym" layername="shadow" frame="1" z_index="2" m_a="1.000000" m_b="0.000000" m_c="0.000000" m_d="1.000000" m_tx="-6.015340" m_ty="-1.939390"/>
  </frame>
  <frame idx="1450" w="166" h="209" x="-20.015339" y="-59.469299">
   <element name="asparagus_ag_sym" layername="asparagus_ag" frame="0" z_index="1" m_a="0.500000" m_b="0.000000" m_c="0.000000" m_d="0.500000" m_tx="3.969280" m_ty="-41.969299"/>
   <element name="asparagus_ag_sym" layername="shadow" frame="1" z_index="2" m_a="1.000000" m_b="0.000000" m_c="0.000000" m_d="1.000000" m_tx="-6.015340" m_ty="-1.939390"/>
  </frame>
  <frame idx="1475" w="166" h="209" x="-20.015339" y="-59.469299">
   <element name="asparagus_ag_sym" layername="asparagus_ag" frame="0" z_index="1" m_a="0.500000" m_b="0.000000" m_c="0.000000" m_d="0.500000" m_tx="3.969280" m_ty="-41.969299"/>
   <element name="asparagus_ag_sym" layername="shadow" frame="1" z_index="2" m_a="1.000000" m_b="0.000000" m_c="0.000000" m_d="1.000000" m_tx="-6.015340" m_ty="-1.939390"/>
  </frame>
  <frame idx="1500" w="166" h="209" x="-20.015339" y="-59.469299">
   <element name="asparagus_ag_sym" layername="asparagus_ag" frame="0" z_index="1" m_a="0.500000" m_b="0.000000" m_c="0.000000" m_d="0.500000" m_tx="3.969280" m_ty="-41.969299"/>
   <element name="asparagus_ag_sym" layername="shadow" frame="1" z_index="2" m_a="1.000000" m_b="0.000000" m_c="0.000000" m_d="1.000000" m_tx="-6.015340" m_ty="-1.939390"/>
  </frame>
  <frame idx="1525" w="166" h="209" x="-20.015339" y="-59.469299">
   <element name="asparagus_ag_sym" layername="asparagus_ag" frame="0" z_index="1" m_a="0.500000" m_b="0.000000" m_c="0.000000" m_d="0.500000" m_tx="3.969280" m_ty="-41.969299"/>
   <element name="asparagus_ag_sym" layername="shadow" frame="1" z_index="2" m_a="1.000000" m_b="0.000000" m_c="0.000000" m_d="1.000000" m_tx="-6.015340" m_ty="-1.939390"/>
  </frame>
  <frame idx="1550" w="166" h="209" x="-20.015339" y="-59.469299">
   <element name="asparagus_ag_sym" layername="asparagus_ag" frame="0" z_index="1" m_a="0.500000" m_b="0.000000" m_c="0.000000" m_d="0.500000" m_tx="3.969280" m_ty="-41.969299"/>
   <element name="asparagus_ag_sym" layername="shadow" frame="1" z_index="2" m_a="1.000000" m_b="0.000000" m_c="0.000000" m_d="1.000000" m_tx="-6.015340" m_ty="-1.939390"/>
  </frame>
  <frame idx="1575" w="166" h="209" x="-20.015339" y="-59.469299">
   <element name="asparagus_ag_sym" layername="asparagus_ag" frame="0" z_index="1" m_a="0.500000" m_b="0.000000" m_c="0.000000" m_d="0.500000" m_tx="3.969280" m_ty="-41.969299"/>
   <element name="asparagus_ag_sym" layername="shadow" frame="1" z_index="2" m_a="1.000000" m_b="0.000000" m_c="0.000000" m_d="1.000000" m_tx="-6.015340" m_ty="-1.939390"/>
  </frame>
  <frame idx="1600" w="166" h="209" x="-20.015339" y="-59.469299">
   <element name="asparagus_ag_sym" layername="asparagus_ag" frame="0" z_index="1" m_a="0.500000" m_b="0.000000" m_c="0.000000" m_d="0.500000" m_tx="3.969280" m_ty="-41.969299"/>
   <element name="asparagus_ag_sym" layername="shadow" frame="1" z_index="2" m_a="1.000000" m_b="0.000000" m_c="0.000000" m_d="1.000000" m_tx="-6.015340" m_ty="-1.939390"/>
  </frame>
  <frame idx="1625" w="166" h="209" x="-20.015339" y="-59.469299">
   <element name="asparagus_ag_sym" layername="asparagus_ag" frame="0" z_index="1" m_a="0.500000" m_b="0.000000" m_c="0.000000" m_d="0.500000" m_tx="3.969280" m_ty="-41.969299"/>
   <element name="asparagus_ag_sym" layername="shadow" frame="1" z_index="2" m_a="1.000000" m_b="0.000000" m_c="0.000000" m_d="1.000000" m_tx="-6.015340" m_ty="-1.939390"/>
  </frame>
  <frame idx="1650" w="166" h="209" x="-20.015339" y="-59.469299">
   <element name="asparagus_ag_sym" layername="asparagus_ag" frame="0" z_index="1" m_a="0.500000" m_b="0.000000" m_c="0.000000" m_d="0.500000" m_tx="3.969280" m_ty="-41.969299"/>
   <element name="asparagus_ag_sym" layername="shadow" frame="1" z_index="2" m_a="1.000000" m_b="0.000000" m_c="0.000000" m_d="1.000000" m_tx="-6.015340" m_ty="-1.939390"/>
  </frame>
  <frame idx="1675" w="166" h="209" x="-20.015339" y="-59.469299">
   <element name="asparagus_ag_sym" layername="asparagus_ag" frame="0" z_index="1" m_a="0.500000" m_b="0.000000" m_c="0.000000" m_d="0.500000" m_tx="3.969280" m_ty="-41.969299"/>
   <element name="asparagus_ag_sym" layername="shadow" frame="1" z_index="2" m_a="1.000000" m_b="0.000000" m_c="0.000000" m_d="1.000000" m_tx="-6.015340" m_ty="-1.939390"/>
  </frame>
  <frame idx="1700" w="166" h="209" x="-20.015339" y="-59.469299">
   <element name="asparagus_ag_sym" layername="asparagus_ag" frame="0" z_index="1" m_a="0.500000" m_b="0.000000" m_c="0.000000" m_d="0.500000" m_tx="3.969280" m_ty="-41.969299"/>
   <element name="asparagus_ag_sym" layername="shadow" frame="1" z_index="2" m_a="1.000000" m_b="0.000000" m_c="0.000000" m_d="1.000000" m_tx="-6.015340" m_ty="-1.939390"/>
  </frame>
  <frame idx="1725" w="166" h="209" x="-20.015339" y="-59.469299">
   <element name="asparagus_ag_sym" layername="asparagus_ag" frame="0" z_index="1" m_a="0.500000" m_b="0.000000" m_c="0.000000" m_d="0.500000" m_tx="3.969280" m_ty="-41.969299"/>
   <element name="asparagus_ag_sym" layername="shadow" frame="1" z_index="2" m_a="1.000000" m_b="0.000000" m_c="0.000000" m_d="1.000000" m_tx="-6.015340" m_ty="-1.939390"/>
  </frame>
  <frame idx="1750" w="166" h="209" x="-20.015339" y="-59.469299">
   <element name="asparagus_ag_sym" layername="asparagus_ag" frame="0" z_index="1" m_a="0.500000" m_b="0.000000" m_c="0.000000" m_d="0.500000" m_tx="3.969280" m_ty="-41.969299"/>
   <element name="asparagus_ag_sym" layername="shadow" frame="1" z_index="2" m_a="1.000000" m_b="0.000000" m_c="0.000000" m_d="1.000000" m_tx="-6.015340" m_ty="-1.939390"/>
  </frame>
  <frame idx="1775" w="166" h="209" x="-20.015339" y="-59.469299">
   <element name="asparagus_ag_sym" layername="asparagus_ag" frame="0" z_index="1" m_a="0.500000" m_b="0.000000" m_c="0.000000" m_d="0.500000" m_tx="3.969280" m_ty="-41.969299"/>
   <element name="asparagus_ag_sym" layername="shadow" frame="1" z_index="2" m_a="1.000000" m_b="0.000000" m_c="0.000000" m_d="1.000000" m_tx="-6.015340" m_ty="-1.939390"/>
  </frame>
  <frame idx="1800" w="166" h="209" x="-20.015339" y="-59.469299">
   <element name="asparagus_ag_sym" layername="asparagus_ag" frame="0" z_index="1" m_a="0.500000" m_b="0.000000" m_c="0.000000" m_d="0.500000" m_tx="3.969280" m_ty="-41.969299"/>
   <element name="asparagus_ag_sym" layername="shadow" frame="1" z_index="2" m_a="1.000000" m_b="0.000000" m_c="0.000000" m_d="1.000000" m_tx="-6.015340" m_ty="-1.939390"/>
  </frame>
  <frame idx="1825" w="166" h="209" x="-20.015339" y="-59.469299">
   <element name="asparagus_ag_sym" layername="asparagus_ag" frame="0" z_index="1" m_a="0.500000" m_b="0.000000" m_c="0.000000" m_d="0.500000" m_tx="3.969280" m_ty="-41.969299"/>
   <element name="asparagus_ag_sym" layername="shadow" frame="1" z_index="2" m_a="1.000000" m_b="0.000000" m_c="0.000000" m_d="1.000000" m_tx="-6.015340" m_ty="-1.939390"/>
  </frame>
  <frame idx="1850" w="166" h="209" x="-20.015339" y="-59.469299">
   <element name="asparagus_ag_sym" layername="asparagus_ag" frame="0" z_index="1" m_a="0.500000" m_b="0.000000" m_c="0.000000" m_d="0.500000" m_tx="3.969280" m_ty="-41.969299"/>
   <element name="asparagus_ag_sym" layername="shadow" frame="1" z_index="2" m_a="1.000000" m_b="0.000000" m_c="0.000000" m_d="1.000000" m_tx="-6.015340" m_ty="-1.939390"/>
  </frame>
  <frame idx="1875" w="166" h="209" x="-20.015339" y="-59.469299">
   <element name="asparagus_ag_sym" layername="asparagus_ag" frame="0" z_index="1" m_a="0.500000" m_b="0.000000" m_c="0.000000" m_d="0.500000" m_tx="3.969280" m_ty="-41.969299"/>
   <element name="asparagus_ag_sym" layername="shadow" frame="1" z_index="2" m_a="1.000000" m_b="0.000000" m_c="0.000000" m_d="1.000000" m_tx="-6.015340" m_ty="-1.939390"/>
  </frame>
  <frame idx="1900" w="166" h="209" x="-20.015339" y="-59.469299">
   <element name="asparagus_ag_sym" layername="asparagus_ag" frame="0" z_index="1" m_a="0.500000" m_b="0.000000" m_c="0.000000" m_d="0.500000" m_tx="3.969280" m_ty="-41.969299"/>
   <element name="asparagus_ag_sym" layername="shadow" frame="1" z_index="2" m_a="1.000000" m_b="0.000000" m_c="0.000000" m_d="1.000000" m_tx="-6.015340" m_ty="-1.939390"/>
  </frame>
  <frame idx="1925" w="166" h="209" x="-20.015339" y="-59.469299">
   <element name="asparagus_ag_sym" layername="asparagus_ag" frame="0" z_index="1" m_a="0.500000" m_b="0.000000" m_c="0.000000" m_d="0.500000" m_tx="3.969280" m_ty="-41.969299"/>
   <element name="asparagus_ag_sym" layername="shadow" frame="1" z_index="2" m_a="1.000000" m_b="0.000000" m_c="0.000000" m_d="1.000000" m_tx="-6.015340" m_ty="-1.939390"/>
  </frame>
  <frame idx="1950" w="166" h="209" x="-20.015339" y="-59.469299">
   <element name="asparagus_ag_sym" layername="asparagus_ag" frame="0" z_index="1" m_a="0.500000" m_b="0.000000" m_c="0.000000" m_d="0.500000" m_tx="3.969280" m_ty="-41.969299"/>
   <element name="asparagus_ag_sym" layername="shadow" frame="1" z_index="2" m_a="1.000000" m_b="0.000000" m_c="0.000000" m_d="1.000000" m_tx="-6.015340" m_ty="-1.939390"/>
  </frame>
  <frame idx="1975" w="166" h="209" x="-20.015339" y="-59.469299">
   <element name="asparagus_ag_sym" layername="asparagus_ag" frame="0" z_index="1" m_a="0.500000" m_b="0.000000" m_c="0.000000" m_d="0.500000" m_tx="3.969280" m_ty="-41.969299"/>
   <element name="asparagus_ag_sym" layername="shadow" frame="1" z_index="2" m_a="1.000000" m_b="0.000000" m_c="0.000000" m_d="1.000000" m_tx="-6.015340" m_ty="-1.939390"/>
  </frame>
 </anim>
</Anims>
